{"_wandb":{"runtime":146},"train/loss":23595.12109375,"train/learning_rate":1e-06,"_timestamp":1.7434275837553523e+09,"_runtime":146.110239728,"_step":850}